rollout_id,mb_idx,rank0_tokens,rank1_tokens,rank2_tokens,rank3_tokens
0,0,8391,8391,8391,8391
0,1,8999,8391,8391,8908
0,2,8339,8391,9167,9122
0,3,8339,8985,8369,8064
0,4,8339,4863,8339,8339
0,5,8588,8339,8339,8358
0,6,8358,8339,8358,8358
0,7,8358,9096,8866,8358
0,8,8325,8358,8325,8325
0,9,9009,8358,8345,8325
0,10,7316,7908,8345,5094
0,11,6055,8325,8435,7580
0,12,8345,6048,8435,8345
0,13,8435,8698,8328,8345
0,14,8435,8345,6374,8435
0,15,6350,8345,7023,8435
0,16,7980,8345,6287,8435
0,17,7038,8435,8203,8328
0,18,5425,7187,8339,6590
0,19,5979,5443,7873,7162
0,20,8327,6696,8360,5223
0,21,5118,8327,8360,8360
0,22,8360,6996,5969,8360
0,23,8360,8360,5160,6097
0,24,8360,5658,4801,5843
0,25,8317,4644,8317,8317
0,26,8317,8317,8317,8317
0,27,4344,8317,4088,4090
1,0,8051,7652,8389,8578
1,1,8389,8389,8389,8394
1,2,8389,8389,7887,8989
1,3,7693,8370,8232,8389
1,4,8357,7446,7389,8389
1,5,8967,8440,8981,7998
1,6,6430,8386,6182,6853
1,7,7312,8386,8351,8197
1,8,8386,8639,8386,6244
1,9,8386,6299,8386,8351
1,10,5412,4908,8454,8386
1,11,8467,5569,5267,8386
1,12,5668,5836,8351,5548
1,13,8351,8351,8351,8351
1,14,8351,8351,8334,8351
1,15,8334,8052,8370,8334
1,16,8334,8334,8370,8334
1,17,8370,8334,8030,8370
1,18,8370,8370,8301,8370
1,19,8301,8370,8335,8301
1,20,8301,8301,8335,7472
1,21,8335,8301,8381,8335
1,22,8335,8335,8381,8335
1,23,8381,8335,8372,8381
1,24,8381,8381,5621,8381
1,25,5953,8381,6549,5671
1,26,4176,5269,3780,2356
2,0,8525,9124,8397,8920
2,1,8305,8305,8397,8606
2,2,8397,8397,8382,8818
2,3,8397,8397,8382,9042
2,4,8382,8382,8486,8397
2,5,8382,8382,8428,8397
2,6,7659,8428,8428,8382
2,7,9061,8428,9124,8382
2,8,8675,7623,8554,7983
2,9,8428,8331,7804,8423
2,10,8428,8742,8286,8428
2,11,8975,8991,8286,8428
2,12,8331,8286,8334,8319
2,13,7303,8286,8606,7713
2,14,8023,8286,8976,9163
2,15,8286,7879,7631,8286
2,16,8889,8334,7277,8286
2,17,7904,7352,8334,7503
2,18,8334,8293,8293,8334
2,19,8293,8885,8293,8293
2,20,8293,5172,8906,8293
2,21,8293,8294,5411,4102
2,22,5547,8294,8294,8294
2,23,8294,8509,8294,8294
2,24,8509,8509,8294,8509
2,25,8509,8509,8509,8509
3,0,9009,8369,8369,8369
3,1,8064,7201,9022,8237
3,2,8369,8901,7094,6954
3,3,6792,9083,8304,6612
3,4,8369,8997,6245,8988
3,5,7140,8111,8385,9180
3,6,8559,6417,8304,8304
3,7,9141,8304,8304,8304
3,8,6065,8304,8327,8327
3,9,8304,8327,8327,8327
3,10,8304,8327,9117,8003
3,11,8327,8451,7389,7169
3,12,8327,6983,8293,8451
3,13,6455,8293,8293,8293
3,14,8293,8293,8495,8293
3,15,8293,8495,8495,8495
3,16,8495,8495,8445,8495
3,17,8495,8445,8445,8445
3,18,8445,8445,6556,8445
3,19,8445,8320,6727,9045
3,20,7216,5888,8052,8320
3,21,8290,8290,7207,8290
3,22,7588,8290,8290,8314
3,23,8314,6671,8314,8314
3,24,8314,8314,8314,7299
3,25,8314,7712,8613,4263
4,0,8301,8301,8301,8301
4,1,8301,8301,8301,8301
4,2,8298,8298,8298,8298
4,3,8298,8298,8298,8298
4,4,8327,8327,8327,8327
4,5,8327,8327,8327,8327
4,6,8343,8343,8343,8343
4,7,8343,8343,8343,8343
4,8,6421,6972,8297,4921
4,9,6518,5033,8297,8297
4,10,8297,8615,8333,8333
4,11,8297,6164,8333,8333
4,12,8333,8297,8418,8418
4,13,8333,8297,8418,8418
4,14,8418,8297,8339,8339
4,15,8418,8333,8339,8339
4,16,8339,8333,6355,6849
4,17,8339,8418,6809,8561
4,18,7012,8418,6128,6459
4,19,8748,8339,5338,6181
4,20,5404,8339,8716,5430
4,21,5024,5643,8314,8314
4,22,4886,8314,8314,8314
4,23,8314,8314,8305,8305
4,24,8314,8305,8305,8305
4,25,8305,8305,4896,8303
4,26,8305,8453,8453,8453
4,27,8453,8453,8453,8453
4,28,8453,7607,8286,7056
4,29,6019,6419,7332,8286
4,30,7818,3066,3930,4037
5,0,8552,8967,9142,6859
5,1,9072,9168,8426,8926
5,2,9015,7336,8426,8969
5,3,8948,9120,7205,5152
5,4,8426,8426,6211,8963
5,5,8426,8426,8365,8426
5,6,6768,8907,8365,8426
5,7,8365,7617,7466,9155
5,8,8365,6301,6216,8365
5,9,7432,8365,6622,8365
5,10,8291,8365,8382,7721
5,11,8382,6217,8382,7820
5,12,6318,8382,9114,8382
5,13,9131,8382,8964,8382
5,14,8336,8382,6047,6133
5,15,8736,6095,8336,6377
5,16,8311,6152,9031,9095
5,17,8373,8311,8311,8641
5,18,6298,8311,8311,8336
5,19,6563,8311,8789,8311
5,20,5372,6606,4421,8311
5,21,6128,9019,6298,5821
5,22,5597,8373,8373,6392
5,23,8373,8373,8373,6246
5,24,8373,4038,8373,8373
6,0,8312,8094,8312,8312
6,1,8646,8312,9164,8348
6,2,9043,8680,8312,8348
6,3,9011,9027,9025,8348
6,4,8348,8302,7844,7713
6,5,8348,8348,8348,8032
6,6,8524,8348,7985,8712
6,7,8724,7479,8359,8773
6,8,7195,9183,8327,9075
6,9,8359,6676,8327,6327
6,10,8302,8359,8296,6898
6,11,8327,7520,8296,8359
6,12,7762,8359,8411,8327
6,13,8296,8327,8552,8249
6,14,8296,6458,8597,8296
6,15,8411,8296,8149,8296
6,16,8411,8296,7161,8411
6,17,8411,8411,8360,8305
6,18,8251,8411,8360,8925
6,19,7019,8411,8356,8360
6,20,7966,8050,7025,8360
6,21,8360,8777,8356,8360
6,22,8360,8360,8923,7290
6,23,6214,8356,8412,8412
6,24,8356,8412,8412,8412
6,25,8412,8412,5995,8412
7,0,8685,8593,8934,8665
7,1,8120,8357,8120,8357
7,2,8386,8386,8293,7823
7,3,8339,8386,6910,8386
7,4,8339,8339,8386,8339
7,5,8364,8339,8339,8339
7,6,8364,8364,8339,8364
7,7,8364,8408,8364,8408
7,8,8408,7828,8364,8408
7,9,8408,7005,8364,6839
7,10,8408,5618,8408,8302
7,11,6590,8300,8408,8642
7,12,7037,8311,8562,8311
7,13,8311,8311,8311,8024
7,14,8311,8324,8311,8324
7,15,8311,8980,8324,8935
7,16,9049,8324,8574,6987
7,17,8324,8528,6310,8557
7,18,8614,8909,9004,8343
7,19,8343,8343,5358,8343
7,20,8355,8343,4997,6219
7,21,8355,7839,8343,8355
7,22,8208,8355,8343,8214
7,23,7671,8373,8343,8355
7,24,6214,6694,8355,8373
7,25,3840,4159,7352,3503
8,0,8281,4110,8281,8281
8,1,8044,8281,8411,8411
8,2,8411,4944,8411,8411
8,3,8313,8411,8046,7928
8,4,3086,6414,8227,8307
8,5,8307,8307,6849,7921
8,6,8333,8307,8333,7111
8,7,8297,8333,8333,8333
8,8,8123,8333,8333,8333
8,9,8310,7552,7047,6731
8,10,8310,8310,8297,6487
8,11,5328,6832,8310,8297
8,12,8367,5490,8310,8310
8,13,8367,8367,8310,8310
8,14,5773,8367,7501,7462
8,15,6635,7630,7568,5756
8,16,7325,7990,8367,8367
8,17,8380,6991,8367,8367
8,18,8380,8380,4904,5090
8,19,6878,8380,8380,8380
8,20,8278,8278,8380,8380
8,21,7329,8278,8278,8278
8,22,8405,8405,7960,8278
8,23,8405,8405,8405,8405
8,24,8405,8349,6238,8349
8,25,7747,8312,8337,8094
8,26,7966,8027,8337,8337
8,27,8337,8337,8456,8337
8,28,8337,8337,8456,8456
8,29,8456,8456,4605,8456
8,30,8456,8456,5331,3404
9,0,7796,8289,8584,8221
9,1,8289,8289,8040,8989
9,2,8289,6940,7632,8289
9,3,8855,7391,9122,8289
9,4,8235,8302,8983,7215
9,5,6578,8365,8289,6964
9,6,8309,8365,8289,7456
9,7,6492,8365,6963,8747
9,8,6954,9080,8348,6689
9,9,7853,7765,6544,8302
9,10,7547,6398,6134,6617
9,11,8027,8303,8997,8302
9,12,8302,8303,5077,8365
9,13,8302,8022,7213,8365
9,14,8365,8985,7812,9067
9,15,8303,8920,8302,6266
9,16,8372,9118,8365,7996
9,17,9122,8374,8365,8303
9,18,8374,8374,8303,8374
9,19,6099,5676,7441,8374
9,20,7238,8285,7913,8374
9,21,9061,6575,8303,7846
9,22,7211,7080,5546,9094
9,23,8991,7457,8374,5593
9,24,8441,7894,8374,7756
9,25,2568,3057,6659,4119
10,0,8316,8316,8316,8316
10,1,8316,8316,8316,8771
10,2,8652,8754,8316,8614
10,3,8893,7524,8949,8351
10,4,8351,9090,8351,8325
10,5,8351,8351,8891,7589
10,6,8325,8351,8325,8325
10,7,7446,8122,8392,8392
10,8,7942,8325,8167,8959
10,9,8392,8392,6799,8442
10,10,8442,8442,8442,8442
10,11,8442,8442,8442,8321
10,12,8321,8321,8321,8316
10,13,8321,8321,8321,8316
10,14,8316,8316,8321,8347
10,15,8316,8316,8316,8347
10,16,8347,8347,8316,8392
10,17,8347,8347,8347,8392
10,18,8392,8392,8347,9168
10,19,8392,8392,8392,8333
10,20,8333,8906,8392,8319
10,21,8319,8333,8333,8319
10,22,8319,8319,7847,8319
10,23,8305,8319,9177,6303
10,24,8305,8305,8319,8305
10,25,5199,8305,8305,8305
10,26,9046,5556,8529,8305
10,27,5249,4014,1741,2397
11,0,8380,7286,8292,7795
11,1,7974,6323,8292,7907
11,2,7135,7387,8313,8292
11,3,8292,6960,7281,8185
11,4,8173,8292,8347,7288
11,5,8292,8347,8006,8467
11,6,6902,6788,8347,8953
11,7,6233,8347,8467,8310
11,8,8467,8467,8467,5093
11,9,8789,8467,8467,6936
11,10,8405,8467,7856,5605
11,11,5365,5538,6626,6438
11,12,6553,7960,6092,8325
11,13,4687,6017,4864,8349
11,14,6426,8325,4558,8349
11,15,8325,8325,5270,8344
11,16,7547,5284,8325,8344
11,17,8325,4681,8325,8343
11,18,5593,8349,5534,8244
11,19,8349,8349,7354,8343
11,20,8349,8344,8349,6890
11,21,8344,8344,8349,8315
11,22,8344,8343,8344,8315
11,23,8343,8229,8344,5082
11,24,8343,8315,8343,8395
11,25,8315,8315,6983,7183
11,26,8395,4734,8315,6225
11,27,8255,7638,7793,8395
11,28,7317,8035,6352,8395
11,29,4434,8395,8395,3545
12,0,7288,8333,9198,9160
12,1,8561,8561,8832,6749
12,2,8561,8984,7094,8561
12,3,8561,8400,8333,8561
12,4,9069,8400,6571,8227
12,5,8400,8306,8561,8453
12,6,8400,8306,6707,7002
12,7,8306,7790,8400,8400
12,8,8306,8092,8400,8400
12,9,8399,6913,8306,8306
12,10,7687,7310,8306,8306
12,11,6724,8338,8621,9211
12,12,7953,8311,7662,7964
12,13,8327,7955,8338,7455
12,14,8338,9134,8058,7825
12,15,8311,8475,7847,8338
12,16,6767,9192,8311,8338
12,17,8735,8681,9095,8311
12,18,8058,8315,6836,8834
12,19,8945,8315,8461,9021
12,20,8315,8604,8985,8315
12,21,8315,8350,8315,8315
12,22,9188,6291,8315,8674
12,23,6419,6577,8350,4140
13,0,8326,8326,8326,8326
13,1,8326,8326,8313,8326
13,2,8313,8313,8313,8326
13,3,8993,7575,8349,7261
13,4,6728,8349,8349,8313
13,5,6490,8076,8980,7792
13,6,8865,8342,7868,8349
13,7,5267,8915,8399,6070
13,8,7836,6915,8399,8349
13,9,7494,8719,8316,8949
13,10,8399,8313,8663,8680
13,11,8399,7808,6335,8793
13,12,8316,6374,7532,8313
13,13,9072,8399,6802,6531
13,14,8316,8399,6542,8399
13,15,8477,8910,9142,8399
13,16,7157,9050,6920,7189
13,17,5898,7132,8807,9166
13,18,8386,5726,5787,7028
13,19,7616,8282,5654,7545
13,20,8333,7475,7402,4149
13,21,5843,7184,8331,5689
13,22,6916,6632,8128,7920
13,23,8107,8331,7768,8221
13,24,5508,8291,8291,8291
13,25,8291,5828,5772,5617
13,26,7259,5531,7212,6779
13,27,5713,3122,3943,5872
14,0,8058,7298,8170,8319
14,1,7212,8319,8347,7555
14,2,8347,7295,8347,8347
14,3,8347,8167,8287,8287
14,4,8287,8347,8287,8287
14,5,8287,8347,8287,8378
14,6,8378,8287,8378,8378
14,7,8378,8378,6076,8378
14,8,6109,8378,6155,6051
14,9,7336,6432,7945,7652
14,10,8119,6134,8408,8447
14,11,7723,7908,8447,8447
14,12,8434,8949,8447,7089
14,13,8447,5973,8409,6557
14,14,8353,8447,4815,5926
14,15,8353,8246,7259,8409
14,16,8357,8409,7335,8176
14,17,8357,6077,7844,8357
14,18,6513,7593,8353,8357
14,19,8722,8353,8357,8090
14,20,6229,8357,8357,8377
14,21,8327,8357,8377,8377
14,22,4816,8377,8377,8347
14,23,4879,8377,8347,8347
14,24,8377,8347,8347,8347
14,25,8377,8347,4995,4699
14,26,8347,8328,5717,8328
14,27,8328,8328,5393,8328
14,28,8328,5633,8328,5022
14,29,5755,5392,8328,6237
14,30,5473,4173,6834,5456
15,0,8364,8364,8364,8364
15,1,8364,8364,8364,8364
15,2,8593,7769,7861,8340
15,3,8166,8481,9131,7745
15,4,8354,8903,8934,8354
15,5,9046,8354,8578,8362
15,6,8513,8769,8354,8717
15,7,8777,8169,8786,8329
15,8,8329,8329,8329,8329
15,9,8329,8329,8329,8835
15,10,7852,7625,5881,7401
15,11,8910,8264,8338,9132
15,12,6526,5679,8711,8971
15,13,7616,6518,8175,6556
15,14,8305,9114,6995,5924
15,15,7315,7056,7385,8579
15,16,8354,8354,7674,8262
15,17,8354,8354,8354,8354
15,18,8337,8337,8354,7919
15,19,8337,8337,8337,8337
15,20,4830,8633,8337,8337
15,21,4970,4434,8329,8329
15,22,8329,8329,8329,8329
15,23,8329,8329,1427,1416
16,0,9117,8055,8369,8195
16,1,8385,8494,8586,8369
16,2,8385,8385,8385,8973
16,3,8363,8385,8385,8385
16,4,8363,8363,8363,8385
16,5,8192,8363,8363,8363
16,6,9168,8893,9036,8335
16,7,8381,8381,8283,8602
16,8,8381,8381,4618,8539
16,9,8758,9143,8381,8381
16,10,8325,8928,8381,8381
16,11,8940,8325,9178,7671
16,12,8325,8674,8325,8325
16,13,6498,8092,8325,8325
16,14,7687,8325,8325,8325
16,15,8692,8325,6696,8709
16,16,8334,9099,9092,6917
16,17,8464,8360,5894,9120
16,18,8342,6844,8438,9192
16,19,5767,6138,8008,5323
16,20,4827,6224,8909,5665
16,21,6110,5945,6362,6047
16,22,6911,4591,6011,6185
17,0,8349,8349,8349,8349
17,1,8349,8460,8349,8349
17,2,8349,8881,8365,8365
17,3,8365,8365,8357,9037
17,4,8200,8357,8357,8357
17,5,8357,8357,8381,8357
17,6,8357,8185,8329,7767
17,7,8381,8381,9081,8381
17,8,8372,7365,7393,8381
17,9,8381,8329,8305,8329
17,10,8329,3282,8051,8329
17,11,8329,8305,8305,8305
17,12,4070,7537,8424,8253
17,13,8305,7114,8353,8780
17,14,7193,8737,8353,8353
17,15,9054,7826,8334,8353
17,16,8711,8353,8334,8334
17,17,7556,8353,8334,8334
17,18,6118,8353,7561,5281
17,19,8353,8334,5725,7146
17,20,8334,8334,8600,8312
17,21,8014,5595,8312,7425
17,22,5640,8312,6243,8564
17,23,8312,8312,8564,8564
17,24,8564,8564,8564,5880
17,25,8564,8564,3580,5017
18,0,6388,8322,8322,9086
18,1,8322,8013,8258,7967
18,2,8295,8322,7482,7306
18,3,6599,7956,7220,8336
18,4,8336,8283,8336,8208
18,5,8336,8336,6105,5976
18,6,8336,8336,8294,5744
18,7,5284,8336,8157,8294
18,8,8846,9024,5441,6376
18,9,8294,5817,5553,5381
18,10,8294,8294,4773,4725
18,11,8136,8294,4661,5510
18,12,5393,8294,8320,6750
18,13,6105,6737,8334,8320
18,14,4718,4885,8334,8320
18,15,8320,6215,8334,8334
18,16,8320,5275,8360,8334
18,17,8320,8320,8360,8334
18,18,8334,8320,8360,8360
18,19,8360,8334,8297,8360
18,20,8297,8360,8297,8232
18,21,7242,8297,8297,8297
18,22,8284,6621,8284,8297
18,23,6674,6828,6820,8297
18,24,5613,6055,6430,8284
18,25,8280,5477,5272,8284
18,26,8280,8280,6326,6408
18,27,7666,8280,8280,8280
18,28,8317,8317,8280,8317
18,29,8317,8317,8317,8317
18,30,3915,3676,8317,3186
19,0,8335,8335,8335,8335
19,1,8335,8335,8335,8335
19,2,8406,8406,8406,8406
19,3,8406,8406,8406,8406
19,4,8281,8281,8281,8281
19,5,9059,8281,8915,8281
19,6,8341,8341,9173,9202
19,7,8341,8341,8015,8951
19,8,8337,8337,8341,8341
19,9,8337,7971,8341,8341
19,10,8911,8337,8337,8337
19,11,7963,8109,9102,8337
19,12,9107,9154,8336,8336
19,13,7534,8845,8336,8336
19,14,8336,8336,8117,7852
19,15,8336,8336,5668,7300
19,16,8293,9005,7667,8793
19,17,6944,7504,8357,9106
19,18,8567,8186,8778,8134
19,19,8052,8492,8317,8387
19,20,5664,5493,5963,8043
19,21,8250,7294,8274,8274
19,22,8274,8274,8274,8447
19,23,8447,8447,8447,8447
19,24,8447,8447,8447,3539
