rollout_id,rank,mb_idx,total_tokens
0,0,0,8391
0,0,1,8999
0,0,2,8339
0,0,3,8339
0,0,4,8339
0,0,5,8588
0,0,6,8358
0,0,7,8358
0,0,8,8325
0,0,9,9009
0,0,10,7316
0,0,11,6055
0,0,12,8345
0,0,13,8435
0,0,14,8435
0,0,15,6350
0,0,16,7980
0,0,17,7038
0,0,18,5425
0,0,19,5979
0,0,20,8327
0,0,21,5118
0,0,22,8360
0,0,23,8360
0,0,24,8360
0,0,25,8317
0,0,26,8317
0,0,27,4344
0,1,0,8391
0,1,1,8391
0,1,2,8391
0,1,3,8985
0,1,4,4863
0,1,5,8339
0,1,6,8339
0,1,7,9096
0,1,8,8358
0,1,9,8358
0,1,10,7908
0,1,11,8325
0,1,12,6048
0,1,13,8698
0,1,14,8345
0,1,15,8345
0,1,16,8345
0,1,17,8435
0,1,18,7187
0,1,19,5443
0,1,20,6696
0,1,21,8327
0,1,22,6996
0,1,23,8360
0,1,24,5658
0,1,25,4644
0,1,26,8317
0,1,27,8317
0,2,0,8391
0,2,1,8391
0,2,2,9167
0,2,3,8369
0,2,4,8339
0,2,5,8339
0,2,6,8358
0,2,7,8866
0,2,8,8325
0,2,9,8345
0,2,10,8345
0,2,11,8435
0,2,12,8435
0,2,13,8328
0,2,14,6374
0,2,15,7023
0,2,16,6287
0,2,17,8203
0,2,18,8339
0,2,19,7873
0,2,20,8360
0,2,21,8360
0,2,22,5969
0,2,23,5160
0,2,24,4801
0,2,25,8317
0,2,26,8317
0,2,27,4088
0,3,0,8391
0,3,1,8908
0,3,2,9122
0,3,3,8064
0,3,4,8339
0,3,5,8358
0,3,6,8358
0,3,7,8358
0,3,8,8325
0,3,9,8325
0,3,10,5094
0,3,11,7580
0,3,12,8345
0,3,13,8345
0,3,14,8435
0,3,15,8435
0,3,16,8435
0,3,17,8328
0,3,18,6590
0,3,19,7162
0,3,20,5223
0,3,21,8360
0,3,22,8360
0,3,23,6097
0,3,24,5843
0,3,25,8317
0,3,26,8317
0,3,27,4090
1,0,0,8051
1,0,1,8389
1,0,2,8389
1,0,3,7693
1,0,4,8357
1,0,5,8967
1,0,6,6430
1,0,7,7312
1,0,8,8386
1,0,9,8386
1,0,10,5412
1,0,11,8467
1,0,12,5668
1,0,13,8351
1,0,14,8351
1,0,15,8334
1,0,16,8334
1,0,17,8370
1,0,18,8370
1,0,19,8301
1,0,20,8301
1,0,21,8335
1,0,22,8335
1,0,23,8381
1,0,24,8381
1,0,25,5953
1,0,26,4176
1,1,0,7652
1,1,1,8389
1,1,2,8389
1,1,3,8370
1,1,4,7446
1,1,5,8440
1,1,6,8386
1,1,7,8386
1,1,8,8639
1,1,9,6299
1,1,10,4908
1,1,11,5569
1,1,12,5836
1,1,13,8351
1,1,14,8351
1,1,15,8052
1,1,16,8334
1,1,17,8334
1,1,18,8370
1,1,19,8370
1,1,20,8301
1,1,21,8301
1,1,22,8335
1,1,23,8335
1,1,24,8381
1,1,25,8381
1,1,26,5269
1,2,0,8389
1,2,1,8389
1,2,2,7887
1,2,3,8232
1,2,4,7389
1,2,5,8981
1,2,6,6182
1,2,7,8351
1,2,8,8386
1,2,9,8386
1,2,10,8454
1,2,11,5267
1,2,12,8351
1,2,13,8351
1,2,14,8334
1,2,15,8370
1,2,16,8370
1,2,17,8030
1,2,18,8301
1,2,19,8335
1,2,20,8335
1,2,21,8381
1,2,22,8381
1,2,23,8372
1,2,24,5621
1,2,25,6549
1,2,26,3780
1,3,0,8578
1,3,1,8394
1,3,2,8989
1,3,3,8389
1,3,4,8389
1,3,5,7998
1,3,6,6853
1,3,7,8197
1,3,8,6244
1,3,9,8351
1,3,10,8386
1,3,11,8386
1,3,12,5548
1,3,13,8351
1,3,14,8351
1,3,15,8334
1,3,16,8334
1,3,17,8370
1,3,18,8370
1,3,19,8301
1,3,20,7472
1,3,21,8335
1,3,22,8335
1,3,23,8381
1,3,24,8381
1,3,25,5671
1,3,26,2356
2,0,0,8525
2,0,1,8305
2,0,2,8397
2,0,3,8397
2,0,4,8382
2,0,5,8382
2,0,6,7659
2,0,7,9061
2,0,8,8675
2,0,9,8428
2,0,10,8428
2,0,11,8975
2,0,12,8331
2,0,13,7303
2,0,14,8023
2,0,15,8286
2,0,16,8889
2,0,17,7904
2,0,18,8334
2,0,19,8293
2,0,20,8293
2,0,21,8293
2,0,22,5547
2,0,23,8294
2,0,24,8509
2,0,25,8509
2,1,0,9124
2,1,1,8305
2,1,2,8397
2,1,3,8397
2,1,4,8382
2,1,5,8382
2,1,6,8428
2,1,7,8428
2,1,8,7623
2,1,9,8331
2,1,10,8742
2,1,11,8991
2,1,12,8286
2,1,13,8286
2,1,14,8286
2,1,15,7879
2,1,16,8334
2,1,17,7352
2,1,18,8293
2,1,19,8885
2,1,20,5172
2,1,21,8294
2,1,22,8294
2,1,23,8509
2,1,24,8509
2,1,25,8509
2,2,0,8397
2,2,1,8397
2,2,2,8382
2,2,3,8382
2,2,4,8486
2,2,5,8428
2,2,6,8428
2,2,7,9124
2,2,8,8554
2,2,9,7804
2,2,10,8286
2,2,11,8286
2,2,12,8334
2,2,13,8606
2,2,14,8976
2,2,15,7631
2,2,16,7277
2,2,17,8334
2,2,18,8293
2,2,19,8293
2,2,20,8906
2,2,21,5411
2,2,22,8294
2,2,23,8294
2,2,24,8294
2,2,25,8509
2,3,0,8920
2,3,1,8606
2,3,2,8818
2,3,3,9042
2,3,4,8397
2,3,5,8397
2,3,6,8382
2,3,7,8382
2,3,8,7983
2,3,9,8423
2,3,10,8428
2,3,11,8428
2,3,12,8319
2,3,13,7713
2,3,14,9163
2,3,15,8286
2,3,16,8286
2,3,17,7503
2,3,18,8334
2,3,19,8293
2,3,20,8293
2,3,21,4102
2,3,22,8294
2,3,23,8294
2,3,24,8509
2,3,25,8509
3,0,0,9009
3,0,1,8064
3,0,2,8369
3,0,3,6792
3,0,4,8369
3,0,5,7140
3,0,6,8559
3,0,7,9141
3,0,8,6065
3,0,9,8304
3,0,10,8304
3,0,11,8327
3,0,12,8327
3,0,13,6455
3,0,14,8293
3,0,15,8293
3,0,16,8495
3,0,17,8495
3,0,18,8445
3,0,19,8445
3,0,20,7216
3,0,21,8290
3,0,22,7588
3,0,23,8314
3,0,24,8314
3,0,25,8314
3,1,0,8369
3,1,1,7201
3,1,2,8901
3,1,3,9083
3,1,4,8997
3,1,5,8111
3,1,6,6417
3,1,7,8304
3,1,8,8304
3,1,9,8327
3,1,10,8327
3,1,11,8451
3,1,12,6983
3,1,13,8293
3,1,14,8293
3,1,15,8495
3,1,16,8495
3,1,17,8445
3,1,18,8445
3,1,19,8320
3,1,20,5888
3,1,21,8290
3,1,22,8290
3,1,23,6671
3,1,24,8314
3,1,25,7712
3,2,0,8369
3,2,1,9022
3,2,2,7094
3,2,3,8304
3,2,4,6245
3,2,5,8385
3,2,6,8304
3,2,7,8304
3,2,8,8327
3,2,9,8327
3,2,10,9117
3,2,11,7389
3,2,12,8293
3,2,13,8293
3,2,14,8495
3,2,15,8495
3,2,16,8445
3,2,17,8445
3,2,18,6556
3,2,19,6727
3,2,20,8052
3,2,21,7207
3,2,22,8290
3,2,23,8314
3,2,24,8314
3,2,25,8613
3,3,0,8369
3,3,1,8237
3,3,2,6954
3,3,3,6612
3,3,4,8988
3,3,5,9180
3,3,6,8304
3,3,7,8304
3,3,8,8327
3,3,9,8327
3,3,10,8003
3,3,11,7169
3,3,12,8451
3,3,13,8293
3,3,14,8293
3,3,15,8495
3,3,16,8495
3,3,17,8445
3,3,18,8445
3,3,19,9045
3,3,20,8320
3,3,21,8290
3,3,22,8314
3,3,23,8314
3,3,24,7299
3,3,25,4263
4,0,0,8301
4,0,1,8301
4,0,2,8298
4,0,3,8298
4,0,4,8327
4,0,5,8327
4,0,6,8343
4,0,7,8343
4,0,8,6421
4,0,9,6518
4,0,10,8297
4,0,11,8297
4,0,12,8333
4,0,13,8333
4,0,14,8418
4,0,15,8418
4,0,16,8339
4,0,17,8339
4,0,18,7012
4,0,19,8748
4,0,20,5404
4,0,21,5024
4,0,22,4886
4,0,23,8314
4,0,24,8314
4,0,25,8305
4,0,26,8305
4,0,27,8453
4,0,28,8453
4,0,29,6019
4,0,30,7818
4,1,0,8301
4,1,1,8301
4,1,2,8298
4,1,3,8298
4,1,4,8327
4,1,5,8327
4,1,6,8343
4,1,7,8343
4,1,8,6972
4,1,9,5033
4,1,10,8615
4,1,11,6164
4,1,12,8297
4,1,13,8297
4,1,14,8297
4,1,15,8333
4,1,16,8333
4,1,17,8418
4,1,18,8418
4,1,19,8339
4,1,20,8339
4,1,21,5643
4,1,22,8314
4,1,23,8314
4,1,24,8305
4,1,25,8305
4,1,26,8453
4,1,27,8453
4,1,28,7607
4,1,29,6419
4,1,30,3066
4,2,0,8301
4,2,1,8301
4,2,2,8298
4,2,3,8298
4,2,4,8327
4,2,5,8327
4,2,6,8343
4,2,7,8343
4,2,8,8297
4,2,9,8297
4,2,10,8333
4,2,11,8333
4,2,12,8418
4,2,13,8418
4,2,14,8339
4,2,15,8339
4,2,16,6355
4,2,17,6809
4,2,18,6128
4,2,19,5338
4,2,20,8716
4,2,21,8314
4,2,22,8314
4,2,23,8305
4,2,24,8305
4,2,25,4896
4,2,26,8453
4,2,27,8453
4,2,28,8286
4,2,29,7332
4,2,30,3930
4,3,0,8301
4,3,1,8301
4,3,2,8298
4,3,3,8298
4,3,4,8327
4,3,5,8327
4,3,6,8343
4,3,7,8343
4,3,8,4921
4,3,9,8297
4,3,10,8333
4,3,11,8333
4,3,12,8418
4,3,13,8418
4,3,14,8339
4,3,15,8339
4,3,16,6849
4,3,17,8561
4,3,18,6459
4,3,19,6181
4,3,20,5430
4,3,21,8314
4,3,22,8314
4,3,23,8305
4,3,24,8305
4,3,25,8303
4,3,26,8453
4,3,27,8453
4,3,28,7056
4,3,29,8286
4,3,30,4037
5,0,0,8552
5,0,1,9072
5,0,2,9015
5,0,3,8948
5,0,4,8426
5,0,5,8426
5,0,6,6768
5,0,7,8365
5,0,8,8365
5,0,9,7432
5,0,10,8291
5,0,11,8382
5,0,12,6318
5,0,13,9131
5,0,14,8336
5,0,15,8736
5,0,16,8311
5,0,17,8373
5,0,18,6298
5,0,19,6563
5,0,20,5372
5,0,21,6128
5,0,22,5597
5,0,23,8373
5,0,24,8373
5,1,0,8967
5,1,1,9168
5,1,2,7336
5,1,3,9120
5,1,4,8426
5,1,5,8426
5,1,6,8907
5,1,7,7617
5,1,8,6301
5,1,9,8365
5,1,10,8365
5,1,11,6217
5,1,12,8382
5,1,13,8382
5,1,14,8382
5,1,15,6095
5,1,16,6152
5,1,17,8311
5,1,18,8311
5,1,19,8311
5,1,20,6606
5,1,21,9019
5,1,22,8373
5,1,23,8373
5,1,24,4038
5,2,0,9142
5,2,1,8426
5,2,2,8426
5,2,3,7205
5,2,4,6211
5,2,5,8365
5,2,6,8365
5,2,7,7466
5,2,8,6216
5,2,9,6622
5,2,10,8382
5,2,11,8382
5,2,12,9114
5,2,13,8964
5,2,14,6047
5,2,15,8336
5,2,16,9031
5,2,17,8311
5,2,18,8311
5,2,19,8789
5,2,20,4421
5,2,21,6298
5,2,22,8373
5,2,23,8373
5,2,24,8373
5,3,0,6859
5,3,1,8926
5,3,2,8969
5,3,3,5152
5,3,4,8963
5,3,5,8426
5,3,6,8426
5,3,7,9155
5,3,8,8365
5,3,9,8365
5,3,10,7721
5,3,11,7820
5,3,12,8382
5,3,13,8382
5,3,14,6133
5,3,15,6377
5,3,16,9095
5,3,17,8641
5,3,18,8336
5,3,19,8311
5,3,20,8311
5,3,21,5821
5,3,22,6392
5,3,23,6246
5,3,24,8373
6,0,0,8312
6,0,1,8646
6,0,2,9043
6,0,3,9011
6,0,4,8348
6,0,5,8348
6,0,6,8524
6,0,7,8724
6,0,8,7195
6,0,9,8359
6,0,10,8302
6,0,11,8327
6,0,12,7762
6,0,13,8296
6,0,14,8296
6,0,15,8411
6,0,16,8411
6,0,17,8411
6,0,18,8251
6,0,19,7019
6,0,20,7966
6,0,21,8360
6,0,22,8360
6,0,23,6214
6,0,24,8356
6,0,25,8412
6,1,0,8094
6,1,1,8312
6,1,2,8680
6,1,3,9027
6,1,4,8302
6,1,5,8348
6,1,6,8348
6,1,7,7479
6,1,8,9183
6,1,9,6676
6,1,10,8359
6,1,11,7520
6,1,12,8359
6,1,13,8327
6,1,14,6458
6,1,15,8296
6,1,16,8296
6,1,17,8411
6,1,18,8411
6,1,19,8411
6,1,20,8050
6,1,21,8777
6,1,22,8360
6,1,23,8356
6,1,24,8412
6,1,25,8412
6,2,0,8312
6,2,1,9164
6,2,2,8312
6,2,3,9025
6,2,4,7844
6,2,5,8348
6,2,6,7985
6,2,7,8359
6,2,8,8327
6,2,9,8327
6,2,10,8296
6,2,11,8296
6,2,12,8411
6,2,13,8552
6,2,14,8597
6,2,15,8149
6,2,16,7161
6,2,17,8360
6,2,18,8360
6,2,19,8356
6,2,20,7025
6,2,21,8356
6,2,22,8923
6,2,23,8412
6,2,24,8412
6,2,25,5995
6,3,0,8312
6,3,1,8348
6,3,2,8348
6,3,3,8348
6,3,4,7713
6,3,5,8032
6,3,6,8712
6,3,7,8773
6,3,8,9075
6,3,9,6327
6,3,10,6898
6,3,11,8359
6,3,12,8327
6,3,13,8249
6,3,14,8296
6,3,15,8296
6,3,16,8411
6,3,17,8305
6,3,18,8925
6,3,19,8360
6,3,20,8360
6,3,21,8360
6,3,22,7290
6,3,23,8412
6,3,24,8412
6,3,25,8412
7,0,0,8685
7,0,1,8120
7,0,2,8386
7,0,3,8339
7,0,4,8339
7,0,5,8364
7,0,6,8364
7,0,7,8364
7,0,8,8408
7,0,9,8408
7,0,10,8408
7,0,11,6590
7,0,12,7037
7,0,13,8311
7,0,14,8311
7,0,15,8311
7,0,16,9049
7,0,17,8324
7,0,18,8614
7,0,19,8343
7,0,20,8355
7,0,21,8355
7,0,22,8208
7,0,23,7671
7,0,24,6214
7,0,25,3840
7,1,0,8593
7,1,1,8357
7,1,2,8386
7,1,3,8386
7,1,4,8339
7,1,5,8339
7,1,6,8364
7,1,7,8408
7,1,8,7828
7,1,9,7005
7,1,10,5618
7,1,11,8300
7,1,12,8311
7,1,13,8311
7,1,14,8324
7,1,15,8980
7,1,16,8324
7,1,17,8528
7,1,18,8909
7,1,19,8343
7,1,20,8343
7,1,21,7839
7,1,22,8355
7,1,23,8373
7,1,24,6694
7,1,25,4159
7,2,0,8934
7,2,1,8120
7,2,2,8293
7,2,3,6910
7,2,4,8386
7,2,5,8339
7,2,6,8339
7,2,7,8364
7,2,8,8364
7,2,9,8364
7,2,10,8408
7,2,11,8408
7,2,12,8562
7,2,13,8311
7,2,14,8311
7,2,15,8324
7,2,16,8574
7,2,17,6310
7,2,18,9004
7,2,19,5358
7,2,20,4997
7,2,21,8343
7,2,22,8343
7,2,23,8343
7,2,24,8355
7,2,25,7352
7,3,0,8665
7,3,1,8357
7,3,2,7823
7,3,3,8386
7,3,4,8339
7,3,5,8339
7,3,6,8364
7,3,7,8408
7,3,8,8408
7,3,9,6839
7,3,10,8302
7,3,11,8642
7,3,12,8311
7,3,13,8024
7,3,14,8324
7,3,15,8935
7,3,16,6987
7,3,17,8557
7,3,18,8343
7,3,19,8343
7,3,20,6219
7,3,21,8355
7,3,22,8214
7,3,23,8355
7,3,24,8373
7,3,25,3503
8,0,0,8281
8,0,1,8044
8,0,2,8411
8,0,3,8313
8,0,4,3086
8,0,5,8307
8,0,6,8333
8,0,7,8297
8,0,8,8123
8,0,9,8310
8,0,10,8310
8,0,11,5328
8,0,12,8367
8,0,13,8367
8,0,14,5773
8,0,15,6635
8,0,16,7325
8,0,17,8380
8,0,18,8380
8,0,19,6878
8,0,20,8278
8,0,21,7329
8,0,22,8405
8,0,23,8405
8,0,24,8405
8,0,25,7747
8,0,26,7966
8,0,27,8337
8,0,28,8337
8,0,29,8456
8,0,30,8456
8,1,0,4110
8,1,1,8281
8,1,2,4944
8,1,3,8411
8,1,4,6414
8,1,5,8307
8,1,6,8307
8,1,7,8333
8,1,8,8333
8,1,9,7552
8,1,10,8310
8,1,11,6832
8,1,12,5490
8,1,13,8367
8,1,14,8367
8,1,15,7630
8,1,16,7990
8,1,17,6991
8,1,18,8380
8,1,19,8380
8,1,20,8278
8,1,21,8278
8,1,22,8405
8,1,23,8405
8,1,24,8349
8,1,25,8312
8,1,26,8027
8,1,27,8337
8,1,28,8337
8,1,29,8456
8,1,30,8456
8,2,0,8281
8,2,1,8411
8,2,2,8411
8,2,3,8046
8,2,4,8227
8,2,5,6849
8,2,6,8333
8,2,7,8333
8,2,8,8333
8,2,9,7047
8,2,10,8297
8,2,11,8310
8,2,12,8310
8,2,13,8310
8,2,14,7501
8,2,15,7568
8,2,16,8367
8,2,17,8367
8,2,18,4904
8,2,19,8380
8,2,20,8380
8,2,21,8278
8,2,22,7960
8,2,23,8405
8,2,24,6238
8,2,25,8337
8,2,26,8337
8,2,27,8456
8,2,28,8456
8,2,29,4605
8,2,30,5331
8,3,0,8281
8,3,1,8411
8,3,2,8411
8,3,3,7928
8,3,4,8307
8,3,5,7921
8,3,6,7111
8,3,7,8333
8,3,8,8333
8,3,9,6731
8,3,10,6487
8,3,11,8297
8,3,12,8310
8,3,13,8310
8,3,14,7462
8,3,15,5756
8,3,16,8367
8,3,17,8367
8,3,18,5090
8,3,19,8380
8,3,20,8380
8,3,21,8278
8,3,22,8278
8,3,23,8405
8,3,24,8349
8,3,25,8094
8,3,26,8337
8,3,27,8337
8,3,28,8456
8,3,29,8456
8,3,30,3404
9,0,0,7796
9,0,1,8289
9,0,2,8289
9,0,3,8855
9,0,4,8235
9,0,5,6578
9,0,6,8309
9,0,7,6492
9,0,8,6954
9,0,9,7853
9,0,10,7547
9,0,11,8027
9,0,12,8302
9,0,13,8302
9,0,14,8365
9,0,15,8303
9,0,16,8372
9,0,17,9122
9,0,18,8374
9,0,19,6099
9,0,20,7238
9,0,21,9061
9,0,22,7211
9,0,23,8991
9,0,24,8441
9,0,25,2568
9,1,0,8289
9,1,1,8289
9,1,2,6940
9,1,3,7391
9,1,4,8302
9,1,5,8365
9,1,6,8365
9,1,7,8365
9,1,8,9080
9,1,9,7765
9,1,10,6398
9,1,11,8303
9,1,12,8303
9,1,13,8022
9,1,14,8985
9,1,15,8920
9,1,16,9118
9,1,17,8374
9,1,18,8374
9,1,19,5676
9,1,20,8285
9,1,21,6575
9,1,22,7080
9,1,23,7457
9,1,24,7894
9,1,25,3057
9,2,0,8584
9,2,1,8040
9,2,2,7632
9,2,3,9122
9,2,4,8983
9,2,5,8289
9,2,6,8289
9,2,7,6963
9,2,8,8348
9,2,9,6544
9,2,10,6134
9,2,11,8997
9,2,12,5077
9,2,13,7213
9,2,14,7812
9,2,15,8302
9,2,16,8365
9,2,17,8365
9,2,18,8303
9,2,19,7441
9,2,20,7913
9,2,21,8303
9,2,22,5546
9,2,23,8374
9,2,24,8374
9,2,25,6659
9,3,0,8221
9,3,1,8989
9,3,2,8289
9,3,3,8289
9,3,4,7215
9,3,5,6964
9,3,6,7456
9,3,7,8747
9,3,8,6689
9,3,9,8302
9,3,10,6617
9,3,11,8302
9,3,12,8365
9,3,13,8365
9,3,14,9067
9,3,15,6266
9,3,16,7996
9,3,17,8303
9,3,18,8374
9,3,19,8374
9,3,20,8374
9,3,21,7846
9,3,22,9094
9,3,23,5593
9,3,24,7756
9,3,25,4119
10,0,0,8316
10,0,1,8316
10,0,2,8652
10,0,3,8893
10,0,4,8351
10,0,5,8351
10,0,6,8325
10,0,7,7446
10,0,8,7942
10,0,9,8392
10,0,10,8442
10,0,11,8442
10,0,12,8321
10,0,13,8321
10,0,14,8316
10,0,15,8316
10,0,16,8347
10,0,17,8347
10,0,18,8392
10,0,19,8392
10,0,20,8333
10,0,21,8319
10,0,22,8319
10,0,23,8305
10,0,24,8305
10,0,25,5199
10,0,26,9046
10,0,27,5249
10,1,0,8316
10,1,1,8316
10,1,2,8754
10,1,3,7524
10,1,4,9090
10,1,5,8351
10,1,6,8351
10,1,7,8122
10,1,8,8325
10,1,9,8392
10,1,10,8442
10,1,11,8442
10,1,12,8321
10,1,13,8321
10,1,14,8316
10,1,15,8316
10,1,16,8347
10,1,17,8347
10,1,18,8392
10,1,19,8392
10,1,20,8906
10,1,21,8333
10,1,22,8319
10,1,23,8319
10,1,24,8305
10,1,25,8305
10,1,26,5556
10,1,27,4014
10,2,0,8316
10,2,1,8316
10,2,2,8316
10,2,3,8949
10,2,4,8351
10,2,5,8891
10,2,6,8325
10,2,7,8392
10,2,8,8167
10,2,9,6799
10,2,10,8442
10,2,11,8442
10,2,12,8321
10,2,13,8321
10,2,14,8321
10,2,15,8316
10,2,16,8316
10,2,17,8347
10,2,18,8347
10,2,19,8392
10,2,20,8392
10,2,21,8333
10,2,22,7847
10,2,23,9177
10,2,24,8319
10,2,25,8305
10,2,26,8529
10,2,27,1741
10,3,0,8316
10,3,1,8771
10,3,2,8614
10,3,3,8351
10,3,4,8325
10,3,5,7589
10,3,6,8325
10,3,7,8392
10,3,8,8959
10,3,9,8442
10,3,10,8442
10,3,11,8321
10,3,12,8316
10,3,13,8316
10,3,14,8347
10,3,15,8347
10,3,16,8392
10,3,17,8392
10,3,18,9168
10,3,19,8333
10,3,20,8319
10,3,21,8319
10,3,22,8319
10,3,23,6303
10,3,24,8305
10,3,25,8305
10,3,26,8305
10,3,27,2397
11,0,0,8380
11,0,1,7974
11,0,2,7135
11,0,3,8292
11,0,4,8173
11,0,5,8292
11,0,6,6902
11,0,7,6233
11,0,8,8467
11,0,9,8789
11,0,10,8405
11,0,11,5365
11,0,12,6553
11,0,13,4687
11,0,14,6426
11,0,15,8325
11,0,16,7547
11,0,17,8325
11,0,18,5593
11,0,19,8349
11,0,20,8349
11,0,21,8344
11,0,22,8344
11,0,23,8343
11,0,24,8343
11,0,25,8315
11,0,26,8395
11,0,27,8255
11,0,28,7317
11,0,29,4434
11,1,0,7286
11,1,1,6323
11,1,2,7387
11,1,3,6960
11,1,4,8292
11,1,5,8347
11,1,6,6788
11,1,7,8347
11,1,8,8467
11,1,9,8467
11,1,10,8467
11,1,11,5538
11,1,12,7960
11,1,13,6017
11,1,14,8325
11,1,15,8325
11,1,16,5284
11,1,17,4681
11,1,18,8349
11,1,19,8349
11,1,20,8344
11,1,21,8344
11,1,22,8343
11,1,23,8229
11,1,24,8315
11,1,25,8315
11,1,26,4734
11,1,27,7638
11,1,28,8035
11,1,29,8395
11,2,0,8292
11,2,1,8292
11,2,2,8313
11,2,3,7281
11,2,4,8347
11,2,5,8006
11,2,6,8347
11,2,7,8467
11,2,8,8467
11,2,9,8467
11,2,10,7856
11,2,11,6626
11,2,12,6092
11,2,13,4864
11,2,14,4558
11,2,15,5270
11,2,16,8325
11,2,17,8325
11,2,18,5534
11,2,19,7354
11,2,20,8349
11,2,21,8349
11,2,22,8344
11,2,23,8344
11,2,24,8343
11,2,25,6983
11,2,26,8315
11,2,27,7793
11,2,28,6352
11,2,29,8395
11,3,0,7795
11,3,1,7907
11,3,2,8292
11,3,3,8185
11,3,4,7288
11,3,5,8467
11,3,6,8953
11,3,7,8310
11,3,8,5093
11,3,9,6936
11,3,10,5605
11,3,11,6438
11,3,12,8325
11,3,13,8349
11,3,14,8349
11,3,15,8344
11,3,16,8344
11,3,17,8343
11,3,18,8244
11,3,19,8343
11,3,20,6890
11,3,21,8315
11,3,22,8315
11,3,23,5082
11,3,24,8395
11,3,25,7183
11,3,26,6225
11,3,27,8395
11,3,28,8395
11,3,29,3545
12,0,0,7288
12,0,1,8561
12,0,2,8561
12,0,3,8561
12,0,4,9069
12,0,5,8400
12,0,6,8400
12,0,7,8306
12,0,8,8306
12,0,9,8399
12,0,10,7687
12,0,11,6724
12,0,12,7953
12,0,13,8327
12,0,14,8338
12,0,15,8311
12,0,16,6767
12,0,17,8735
12,0,18,8058
12,0,19,8945
12,0,20,8315
12,0,21,8315
12,0,22,9188
12,0,23,6419
12,1,0,8333
12,1,1,8561
12,1,2,8984
12,1,3,8400
12,1,4,8400
12,1,5,8306
12,1,6,8306
12,1,7,7790
12,1,8,8092
12,1,9,6913
12,1,10,7310
12,1,11,8338
12,1,12,8311
12,1,13,7955
12,1,14,9134
12,1,15,8475
12,1,16,9192
12,1,17,8681
12,1,18,8315
12,1,19,8315
12,1,20,8604
12,1,21,8350
12,1,22,6291
12,1,23,6577
12,2,0,9198
12,2,1,8832
12,2,2,7094
12,2,3,8333
12,2,4,6571
12,2,5,8561
12,2,6,6707
12,2,7,8400
12,2,8,8400
12,2,9,8306
12,2,10,8306
12,2,11,8621
12,2,12,7662
12,2,13,8338
12,2,14,8058
12,2,15,7847
12,2,16,8311
12,2,17,9095
12,2,18,6836
12,2,19,8461
12,2,20,8985
12,2,21,8315
12,2,22,8315
12,2,23,8350
12,3,0,9160
12,3,1,6749
12,3,2,8561
12,3,3,8561
12,3,4,8227
12,3,5,8453
12,3,6,7002
12,3,7,8400
12,3,8,8400
12,3,9,8306
12,3,10,8306
12,3,11,9211
12,3,12,7964
12,3,13,7455
12,3,14,7825
12,3,15,8338
12,3,16,8338
12,3,17,8311
12,3,18,8834
12,3,19,9021
12,3,20,8315
12,3,21,8315
12,3,22,8674
12,3,23,4140
13,0,0,8326
13,0,1,8326
13,0,2,8313
13,0,3,8993
13,0,4,6728
13,0,5,6490
13,0,6,8865
13,0,7,5267
13,0,8,7836
13,0,9,7494
13,0,10,8399
13,0,11,8399
13,0,12,8316
13,0,13,9072
13,0,14,8316
13,0,15,8477
13,0,16,7157
13,0,17,5898
13,0,18,8386
13,0,19,7616
13,0,20,8333
13,0,21,5843
13,0,22,6916
13,0,23,8107
13,0,24,5508
13,0,25,8291
13,0,26,7259
13,0,27,5713
13,1,0,8326
13,1,1,8326
13,1,2,8313
13,1,3,7575
13,1,4,8349
13,1,5,8076
13,1,6,8342
13,1,7,8915
13,1,8,6915
13,1,9,8719
13,1,10,8313
13,1,11,7808
13,1,12,6374
13,1,13,8399
13,1,14,8399
13,1,15,8910
13,1,16,9050
13,1,17,7132
13,1,18,5726
13,1,19,8282
13,1,20,7475
13,1,21,7184
13,1,22,6632
13,1,23,8331
13,1,24,8291
13,1,25,5828
13,1,26,5531
13,1,27,3122
13,2,0,8326
13,2,1,8313
13,2,2,8313
13,2,3,8349
13,2,4,8349
13,2,5,8980
13,2,6,7868
13,2,7,8399
13,2,8,8399
13,2,9,8316
13,2,10,8663
13,2,11,6335
13,2,12,7532
13,2,13,6802
13,2,14,6542
13,2,15,9142
13,2,16,6920
13,2,17,8807
13,2,18,5787
13,2,19,5654
13,2,20,7402
13,2,21,8331
13,2,22,8128
13,2,23,7768
13,2,24,8291
13,2,25,5772
13,2,26,7212
13,2,27,3943
13,3,0,8326
13,3,1,8326
13,3,2,8326
13,3,3,7261
13,3,4,8313
13,3,5,7792
13,3,6,8349
13,3,7,6070
13,3,8,8349
13,3,9,8949
13,3,10,8680
13,3,11,8793
13,3,12,8313
13,3,13,6531
13,3,14,8399
13,3,15,8399
13,3,16,7189
13,3,17,9166
13,3,18,7028
13,3,19,7545
13,3,20,4149
13,3,21,5689
13,3,22,7920
13,3,23,8221
13,3,24,8291
13,3,25,5617
13,3,26,6779
13,3,27,5872
14,0,0,8058
14,0,1,7212
14,0,2,8347
14,0,3,8347
14,0,4,8287
14,0,5,8287
14,0,6,8378
14,0,7,8378
14,0,8,6109
14,0,9,7336
14,0,10,8119
14,0,11,7723
14,0,12,8434
14,0,13,8447
14,0,14,8353
14,0,15,8353
14,0,16,8357
14,0,17,8357
14,0,18,6513
14,0,19,8722
14,0,20,6229
14,0,21,8327
14,0,22,4816
14,0,23,4879
14,0,24,8377
14,0,25,8377
14,0,26,8347
14,0,27,8328
14,0,28,8328
14,0,29,5755
14,0,30,5473
14,1,0,7298
14,1,1,8319
14,1,2,7295
14,1,3,8167
14,1,4,8347
14,1,5,8347
14,1,6,8287
14,1,7,8378
14,1,8,8378
14,1,9,6432
14,1,10,6134
14,1,11,7908
14,1,12,8949
14,1,13,5973
14,1,14,8447
14,1,15,8246
14,1,16,8409
14,1,17,6077
14,1,18,7593
14,1,19,8353
14,1,20,8357
14,1,21,8357
14,1,22,8377
14,1,23,8377
14,1,24,8347
14,1,25,8347
14,1,26,8328
14,1,27,8328
14,1,28,5633
14,1,29,5392
14,1,30,4173
14,2,0,8170
14,2,1,8347
14,2,2,8347
14,2,3,8287
14,2,4,8287
14,2,5,8287
14,2,6,8378
14,2,7,6076
14,2,8,6155
14,2,9,7945
14,2,10,8408
14,2,11,8447
14,2,12,8447
14,2,13,8409
14,2,14,4815
14,2,15,7259
14,2,16,7335
14,2,17,7844
14,2,18,8353
14,2,19,8357
14,2,20,8357
14,2,21,8377
14,2,22,8377
14,2,23,8347
14,2,24,8347
14,2,25,4995
14,2,26,5717
14,2,27,5393
14,2,28,8328
14,2,29,8328
14,2,30,6834
14,3,0,8319
14,3,1,7555
14,3,2,8347
14,3,3,8287
14,3,4,8287
14,3,5,8378
14,3,6,8378
14,3,7,8378
14,3,8,6051
14,3,9,7652
14,3,10,8447
14,3,11,8447
14,3,12,7089
14,3,13,6557
14,3,14,5926
14,3,15,8409
14,3,16,8176
14,3,17,8357
14,3,18,8357
14,3,19,8090
14,3,20,8377
14,3,21,8377
14,3,22,8347
14,3,23,8347
14,3,24,8347
14,3,25,4699
14,3,26,8328
14,3,27,8328
14,3,28,5022
14,3,29,6237
14,3,30,5456
15,0,0,8364
15,0,1,8364
15,0,2,8593
15,0,3,8166
15,0,4,8354
15,0,5,9046
15,0,6,8513
15,0,7,8777
15,0,8,8329
15,0,9,8329
15,0,10,7852
15,0,11,8910
15,0,12,6526
15,0,13,7616
15,0,14,8305
15,0,15,7315
15,0,16,8354
15,0,17,8354
15,0,18,8337
15,0,19,8337
15,0,20,4830
15,0,21,4970
15,0,22,8329
15,0,23,8329
15,1,0,8364
15,1,1,8364
15,1,2,7769
15,1,3,8481
15,1,4,8903
15,1,5,8354
15,1,6,8769
15,1,7,8169
15,1,8,8329
15,1,9,8329
15,1,10,7625
15,1,11,8264
15,1,12,5679
15,1,13,6518
15,1,14,9114
15,1,15,7056
15,1,16,8354
15,1,17,8354
15,1,18,8337
15,1,19,8337
15,1,20,8633
15,1,21,4434
15,1,22,8329
15,1,23,8329
15,2,0,8364
15,2,1,8364
15,2,2,7861
15,2,3,9131
15,2,4,8934
15,2,5,8578
15,2,6,8354
15,2,7,8786
15,2,8,8329
15,2,9,8329
15,2,10,5881
15,2,11,8338
15,2,12,8711
15,2,13,8175
15,2,14,6995
15,2,15,7385
15,2,16,7674
15,2,17,8354
15,2,18,8354
15,2,19,8337
15,2,20,8337
15,2,21,8329
15,2,22,8329
15,2,23,1427
15,3,0,8364
15,3,1,8364
15,3,2,8340
15,3,3,7745
15,3,4,8354
15,3,5,8362
15,3,6,8717
15,3,7,8329
15,3,8,8329
15,3,9,8835
15,3,10,7401
15,3,11,9132
15,3,12,8971
15,3,13,6556
15,3,14,5924
15,3,15,8579
15,3,16,8262
15,3,17,8354
15,3,18,7919
15,3,19,8337
15,3,20,8337
15,3,21,8329
15,3,22,8329
15,3,23,1416
16,0,0,9117
16,0,1,8385
16,0,2,8385
16,0,3,8363
16,0,4,8363
16,0,5,8192
16,0,6,9168
16,0,7,8381
16,0,8,8381
16,0,9,8758
16,0,10,8325
16,0,11,8940
16,0,12,8325
16,0,13,6498
16,0,14,7687
16,0,15,8692
16,0,16,8334
16,0,17,8464
16,0,18,8342
16,0,19,5767
16,0,20,4827
16,0,21,6110
16,0,22,6911
16,1,0,8055
16,1,1,8494
16,1,2,8385
16,1,3,8385
16,1,4,8363
16,1,5,8363
16,1,6,8893
16,1,7,8381
16,1,8,8381
16,1,9,9143
16,1,10,8928
16,1,11,8325
16,1,12,8674
16,1,13,8092
16,1,14,8325
16,1,15,8325
16,1,16,9099
16,1,17,8360
16,1,18,6844
16,1,19,6138
16,1,20,6224
16,1,21,5945
16,1,22,4591
16,2,0,8369
16,2,1,8586
16,2,2,8385
16,2,3,8385
16,2,4,8363
16,2,5,8363
16,2,6,9036
16,2,7,8283
16,2,8,4618
16,2,9,8381
16,2,10,8381
16,2,11,9178
16,2,12,8325
16,2,13,8325
16,2,14,8325
16,2,15,6696
16,2,16,9092
16,2,17,5894
16,2,18,8438
16,2,19,8008
16,2,20,8909
16,2,21,6362
16,2,22,6011
16,3,0,8195
16,3,1,8369
16,3,2,8973
16,3,3,8385
16,3,4,8385
16,3,5,8363
16,3,6,8335
16,3,7,8602
16,3,8,8539
16,3,9,8381
16,3,10,8381
16,3,11,7671
16,3,12,8325
16,3,13,8325
16,3,14,8325
16,3,15,8709
16,3,16,6917
16,3,17,9120
16,3,18,9192
16,3,19,5323
16,3,20,5665
16,3,21,6047
16,3,22,6185
17,0,0,8349
17,0,1,8349
17,0,2,8349
17,0,3,8365
17,0,4,8200
17,0,5,8357
17,0,6,8357
17,0,7,8381
17,0,8,8372
17,0,9,8381
17,0,10,8329
17,0,11,8329
17,0,12,4070
17,0,13,8305
17,0,14,7193
17,0,15,9054
17,0,16,8711
17,0,17,7556
17,0,18,6118
17,0,19,8353
17,0,20,8334
17,0,21,8014
17,0,22,5640
17,0,23,8312
17,0,24,8564
17,0,25,8564
17,1,0,8349
17,1,1,8460
17,1,2,8881
17,1,3,8365
17,1,4,8357
17,1,5,8357
17,1,6,8185
17,1,7,8381
17,1,8,7365
17,1,9,8329
17,1,10,3282
17,1,11,8305
17,1,12,7537
17,1,13,7114
17,1,14,8737
17,1,15,7826
17,1,16,8353
17,1,17,8353
17,1,18,8353
17,1,19,8334
17,1,20,8334
17,1,21,5595
17,1,22,8312
17,1,23,8312
17,1,24,8564
17,1,25,8564
17,2,0,8349
17,2,1,8349
17,2,2,8365
17,2,3,8357
17,2,4,8357
17,2,5,8381
17,2,6,8329
17,2,7,9081
17,2,8,7393
17,2,9,8305
17,2,10,8051
17,2,11,8305
17,2,12,8424
17,2,13,8353
17,2,14,8353
17,2,15,8334
17,2,16,8334
17,2,17,8334
17,2,18,7561
17,2,19,5725
17,2,20,8600
17,2,21,8312
17,2,22,6243
17,2,23,8564
17,2,24,8564
17,2,25,3580
17,3,0,8349
17,3,1,8349
17,3,2,8365
17,3,3,9037
17,3,4,8357
17,3,5,8357
17,3,6,7767
17,3,7,8381
17,3,8,8381
17,3,9,8329
17,3,10,8329
17,3,11,8305
17,3,12,8253
17,3,13,8780
17,3,14,8353
17,3,15,8353
17,3,16,8334
17,3,17,8334
17,3,18,5281
17,3,19,7146
17,3,20,8312
17,3,21,7425
17,3,22,8564
17,3,23,8564
17,3,24,5880
17,3,25,5017
18,0,0,6388
18,0,1,8322
18,0,2,8295
18,0,3,6599
18,0,4,8336
18,0,5,8336
18,0,6,8336
18,0,7,5284
18,0,8,8846
18,0,9,8294
18,0,10,8294
18,0,11,8136
18,0,12,5393
18,0,13,6105
18,0,14,4718
18,0,15,8320
18,0,16,8320
18,0,17,8320
18,0,18,8334
18,0,19,8360
18,0,20,8297
18,0,21,7242
18,0,22,8284
18,0,23,6674
18,0,24,5613
18,0,25,8280
18,0,26,8280
18,0,27,7666
18,0,28,8317
18,0,29,8317
18,0,30,3915
18,1,0,8322
18,1,1,8013
18,1,2,8322
18,1,3,7956
18,1,4,8283
18,1,5,8336
18,1,6,8336
18,1,7,8336
18,1,8,9024
18,1,9,5817
18,1,10,8294
18,1,11,8294
18,1,12,8294
18,1,13,6737
18,1,14,4885
18,1,15,6215
18,1,16,5275
18,1,17,8320
18,1,18,8320
18,1,19,8334
18,1,20,8360
18,1,21,8297
18,1,22,6621
18,1,23,6828
18,1,24,6055
18,1,25,5477
18,1,26,8280
18,1,27,8280
18,1,28,8317
18,1,29,8317
18,1,30,3676
18,2,0,8322
18,2,1,8258
18,2,2,7482
18,2,3,7220
18,2,4,8336
18,2,5,6105
18,2,6,8294
18,2,7,8157
18,2,8,5441
18,2,9,5553
18,2,10,4773
18,2,11,4661
18,2,12,8320
18,2,13,8334
18,2,14,8334
18,2,15,8334
18,2,16,8360
18,2,17,8360
18,2,18,8360
18,2,19,8297
18,2,20,8297
18,2,21,8297
18,2,22,8284
18,2,23,6820
18,2,24,6430
18,2,25,5272
18,2,26,6326
18,2,27,8280
18,2,28,8280
18,2,29,8317
18,2,30,8317
18,3,0,9086
18,3,1,7967
18,3,2,7306
18,3,3,8336
18,3,4,8208
18,3,5,5976
18,3,6,5744
18,3,7,8294
18,3,8,6376
18,3,9,5381
18,3,10,4725
18,3,11,5510
18,3,12,6750
18,3,13,8320
18,3,14,8320
18,3,15,8334
18,3,16,8334
18,3,17,8334
18,3,18,8360
18,3,19,8360
18,3,20,8232
18,3,21,8297
18,3,22,8297
18,3,23,8297
18,3,24,8284
18,3,25,8284
18,3,26,6408
18,3,27,8280
18,3,28,8317
18,3,29,8317
18,3,30,3186
19,0,0,8335
19,0,1,8335
19,0,2,8406
19,0,3,8406
19,0,4,8281
19,0,5,9059
19,0,6,8341
19,0,7,8341
19,0,8,8337
19,0,9,8337
19,0,10,8911
19,0,11,7963
19,0,12,9107
19,0,13,7534
19,0,14,8336
19,0,15,8336
19,0,16,8293
19,0,17,6944
19,0,18,8567
19,0,19,8052
19,0,20,5664
19,0,21,8250
19,0,22,8274
19,0,23,8447
19,0,24,8447
19,1,0,8335
19,1,1,8335
19,1,2,8406
19,1,3,8406
19,1,4,8281
19,1,5,8281
19,1,6,8341
19,1,7,8341
19,1,8,8337
19,1,9,7971
19,1,10,8337
19,1,11,8109
19,1,12,9154
19,1,13,8845
19,1,14,8336
19,1,15,8336
19,1,16,9005
19,1,17,7504
19,1,18,8186
19,1,19,8492
19,1,20,5493
19,1,21,7294
19,1,22,8274
19,1,23,8447
19,1,24,8447
19,2,0,8335
19,2,1,8335
19,2,2,8406
19,2,3,8406
19,2,4,8281
19,2,5,8915
19,2,6,9173
19,2,7,8015
19,2,8,8341
19,2,9,8341
19,2,10,8337
19,2,11,9102
19,2,12,8336
19,2,13,8336
19,2,14,8117
19,2,15,5668
19,2,16,7667
19,2,17,8357
19,2,18,8778
19,2,19,8317
19,2,20,5963
19,2,21,8274
19,2,22,8274
19,2,23,8447
19,2,24,8447
19,3,0,8335
19,3,1,8335
19,3,2,8406
19,3,3,8406
19,3,4,8281
19,3,5,8281
19,3,6,9202
19,3,7,8951
19,3,8,8341
19,3,9,8341
19,3,10,8337
19,3,11,8337
19,3,12,8336
19,3,13,8336
19,3,14,7852
19,3,15,7300
19,3,16,8793
19,3,17,9106
19,3,18,8134
19,3,19,8387
19,3,20,8043
19,3,21,8274
19,3,22,8447
19,3,23,8447
19,3,24,3539
